r,nu_s,nu_t,r_t,r_s,sigma,beta_obs,sigma_obs,eta_nu_s,eta_nu_t,eta_r_t,eta_r_s,eta_sigma,eta_beta_obs,eta_sigma_obs,converged,iterations,minimum_value
2,0.8903914108051391,1.5330233024772817,6.8508680391531,0.7027333386304253,5.223055453709984,0.10182500401536712,0.8323763502732475,-0.445675710183846,-0.1090242054453455,1.9236452643091724,-0.3599182855603366,1.6521248140459515,-0.4946540162742024,-0.18347059635924687,true,14,1.4975443237718242
3,1.210811801543303,1.6020278119168399,10.74989405211465,0.5664188486522673,6.448361061522077,0.30523882543789255,0.8454609698584785,-0.03997672525339069,-0.015618450034188713,2.3744306698424786,-0.5772880412462706,1.863050307934812,-0.043108822602335506,-0.16787327391069046,true,57,1.5155083619304974
4,0.7818901121605302,1.6321979295258873,11.085651414524794,0.991767115776806,5.276313129605924,0.29936200809205865,0.8225801132025727,-0.6313183670653687,0.024928010103127198,2.4052004715155806,-0.0133212189835272,1.6622795022186185,-0.052396861984247284,-0.19530939901588645,true,45,1.4883653610781824
5,0.800297411722772,1.5654468008105045,9.160564187399515,0.6099007698419705,5.913924118634752,0.18404268899348838,0.8568776233165378,-0.5972963983205941,-0.06500242776290348,2.214361802377253,-0.5026908511936518,1.7764637706217077,-0.2653490406644662,-0.15446016717756733,true,16,1.5254400496593281
6,0.8819375669926413,1.6968905685549036,10.608240302456991,0.8510604244354505,5.4749923826386135,0.3167621562464114,0.8284369949710775,-0.4589646761190265,0.11147936891950454,2.3611596433157227,-0.1671644982438979,1.6992772238622829,-0.025181551926474532,-0.1882144921151804,true,28,1.4956199433618438
7,1.0530871593817093,1.587281305938219,11.866681886590017,0.6461542324254671,6.506388927096772,0.3322403840967496,0.8465510914171059,-0.21929202873174375,-0.03549379656293836,2.4733131952007517,-0.44448523879572494,1.8720158351668497,-0.0016407721255162413,-0.16658472315575232,true,33,1.5218944371733214
8,0.5900006267248967,1.5064510386272902,9.284121858037947,1.5873586675271072,4.434238742809815,0.19439576947100837,0.8297770813428915,-1.0788078180651093,-0.14531000140822753,2.227766914954057,0.45891656142833115,1.4882277279384413,-0.24284976080763812,-0.1865981909599846,true,30,1.4895094536317024
9,0.5821204987693809,1.5839196245124203,17.205950119387996,37.720717439520236,4.592342529582969,0.19822584588941497,0.837879839968413,-1.1022574278148327,-0.04003053618904955,2.8449646217930646,3.63007691578197,1.5233008868150744,-0.23475758927554033,-0.17688057784042102,true,76,1.4995679446568138
10,0.5064301785703968,1.5164701410144796,7.535183272410296,2.035791349757428,4.291069501376765,0.1340132280804187,0.8074956100558108,-1.3608988597292637,-0.13160453968595837,2.018919380481125,0.7084255445574235,1.4553701128267604,-0.39092798028980597,-0.21381766036349523,true,46,1.4717296097689605
11,0.5644581654328603,2.129309060484415,14.55960979539105,26.71617404163193,4.327629002740844,0.29000683018546974,0.8336823978740305,-1.1569042309808746,0.6992803396866308,2.677907767864743,3.2850819812899754,1.463863782604429,-0.06740123146091757,-0.1819027670497857,true,43,1.4981288681738538
12,0.6568582082013887,2.0304005505389187,7.084272409864788,0.9818561108093824,4.683125074963438,0.22920005813221678,0.8163446022112063,-0.8992905370364975,0.5606374394530595,1.9571711354564914,-0.02341591433690801,1.5428974046501045,-0.17322881403023951,-0.202918706532998,true,24,1.4840852122922334
13,0.8700668066436823,1.506742996421654,8.51301958535602,0.7150954432853894,5.237584775521254,0.19100259222215266,0.8614143435187392,-0.4779280540967992,-0.14491019705265734,2.141009199328291,-0.34235589081877704,1.6549053769308524,-0.2501205108216821,-0.1491796550975335,true,21,1.5266228049518267
14,1.0139096709916682,1.2776366964128216,11.785058636366333,0.6539760049290203,5.728746152730333,0.25215183145195097,0.8252870422310975,-0.2693057284918316,-0.46964921703515905,2.4664081558312843,-0.43235953533593313,1.7446235128300138,-0.13134046058223517,-0.19202402318396672,true,26,1.49247099970162
15,0.8643540666424773,1.651104923440612,9.829877378539752,0.902969278325859,5.3597525574002765,0.2412098445828208,0.8380055245990786,-0.4871838612675347,0.050269899628019914,2.2849176771216917,-0.10761942248357431,1.6779844950637113,-0.1509702681643726,-0.1767305859214526,true,13,1.5059254331764989
16,0.8351178786523071,1.986616503472231,8.424246734822873,0.6892513945326825,5.208897585807637,0.33259125200234013,0.8223306861688194,-0.5359419500793199,0.5004668020650872,2.130520362829862,-0.3794298930178536,1.649407880557998,-0.0011137428979054631,-0.19561267021546802,true,24,1.4913428868588714
17,0.48295995389485624,2.0541946585511095,10.805189625915183,41.88882105726777,4.2579718138175515,0.18891727041529152,0.8197384122444272,-1.456888711883965,0.5936159921703048,2.3795636919311445,3.7348996200750464,1.4476179888847462,-0.25463789371482176,-0.1987699990761951,true,43,1.4814196960776145
18,0.4800590494020608,2.6491593704602483,4.4447839067296675,0.6959041976907465,4.0812678664149376,0.00777377166853778,0.8468614601775342,-1.469419266479426,1.5668655255702393,1.490605705604247,-0.36975410782087376,1.4051818311635955,-1.3853494975493108,-0.16621816302412795,true,52,1.5090063672182623
19,0.7954909772083727,1.5070900484033214,19.13003919713996,1.5507561604614872,5.6470280985183745,0.3971747987393997,0.8269292947452093,-0.6060690142520884,-0.14443498093273163,2.9509984292341573,0.4355132148676433,1.7302435928081643,0.09196546351850311,-0.19003608368936947,true,45,1.4960020092371438
20,0.8363375391154534,1.7362078046991392,12.118325814874026,1.159359949556094,6.0167313559179,0.3233109902988139,0.8236511995683866,-0.5338596499160381,0.16393144478813787,2.4943061536233904,0.14354603414395548,1.793712786247945,-0.015149981084151262,-0.19400814018471055,true,39,1.498982707023972
21,0.680756127558992,1.921032042402817,12.498788506745287,22.06557758115439,4.607206526425107,0.19975242650521133,0.8428317406353771,-0.842213178349701,0.4113603125282108,2.5252316013424867,3.093792195765217,1.5265358681431713,-0.2315650779393924,-0.17098793682701868,true,36,1.5002705860975418
22,0.8490560409826091,1.7990970801828463,12.447418149362417,1.5340068445290507,5.91451983954571,0.32048789526377053,0.8321989701497038,-0.5124001276759639,0.24780772311953536,2.5211114534176966,0.42461840341110524,1.776564582693681,-0.01946111989807275,-0.1836837199374219,true,31,1.5054460043050688
23,0.5452447350155687,2.1994153615970653,14.256627633122658,93.35710834369975,4.457222246936011,0.2328260665172354,0.8253375139128465,-1.2199506563564018,0.8005042621569697,2.6568711200603237,4.536378455096369,1.4934033528627222,-0.16642489569922506,-0.19196286853607686,true,47,1.4885609178296078
24,0.7766293069083732,2.6074651178534207,7.940527248338497,1.2278786512603317,4.965428829447632,0.3447260018694036,0.8138214657740912,-0.6412583803952533,1.4822426683731502,2.071349797686315,0.2012076295911265,1.6014921945495233,0.01694787288266991,-0.20601426655169108,true,24,1.4756376299851597
25,0.8370524942222671,1.5521687142449643,10.065870557375431,0.8939703119221597,5.530910193879586,0.26135929042652367,0.8197786769917531,-0.5326410351758787,-0.08299904936550576,2.308653697445957,-0.11769143893906117,1.709447974809193,-0.11525612839700806,-0.19872088126266538,true,45,1.4931493320649099
26,0.6394535436233316,1.6597458393097766,9.213681339114322,1.5896934158580283,4.517694256747062,0.22086653834625647,0.85610112878511,-0.9430106926119173,0.061837136179053336,2.2201466629386926,0.46039096013880343,1.5068943713190421,-0.18915885158522436,-0.1553667687144051,true,48,1.5165867939681827
27,0.7603423999696446,1.65621994348366,6.98100354168852,0.608628054746194,5.411236526142141,0.10601156110135376,0.8134727435467091,-0.6726734060439552,0.05711818127598461,1.9424761943027251,-0.5047970741324536,1.6875531994206607,-0.47966583583021466,-0.2064428580512771,true,11,1.4816474377183373
28,0.6518954399031893,1.500147492581264,143.67890746020552,3947.0166895779053,4.923993719678913,0.2840542865531454,0.8288161126793865,-0.911563323938231,-0.15394840769610824,4.96754620012063,8.280714037294617,1.5931039810648604,-0.07709726486285072,-0.18775696669172848,true,60,1.4959726646042477
29,0.8400956502299125,1.5179994972426651,11.66080815259818,1.0459784321443402,5.759878484952163,0.25887445519160013,0.8324470063916536,-0.5274706361884923,-0.12951508410320933,2.4558046096461075,0.040161071016992636,1.7500479272597311,-0.11955988046227205,-0.1833857151396681,true,40,1.5005220951922011
30,0.8083976894093983,1.5109451892534376,12.595481925211601,1.2915580552245636,4.848554424513315,0.31549363064238495,0.8054637728990518,-0.5826838654196874,-0.1391586066821608,2.532941125736015,0.2519704782077449,1.5776488364296817,-0.02713742520345624,-0.21633705205179166,true,39,1.4640592764077094
